NaN,NaN,NaN,NaN,NaN,NaN,NaN,NaN,NaN,NaN,NaN,NaN,NaN,NaN,NaN,NaN,NaN,NaN,NaN,NaN,NaN,NaN,NaN,NaN,NaN,NaN,NaN,NaN,NaN,NaN,NaN,NaN,NaN,NaN,NaN,NaN,NaN,NaN,NaN,NaN,NaN,NaN,NaN,NaN,NaN,NaN,NaN,NaN,NaN,NaN,NaN,NaN,NaN,NaN,NaN,NaN,NaN,NaN,NaN,NaN,NaN,NaN,NaN,NaN,NaN,NaN,NaN,NaN,NaN,NaN,NaN,NaN,NaN,NaN,NaN,NaN,NaN,NaN,NaN,NaN,NaN,NaN,NaN,NaN,NaN,NaN,NaN,NaN,NaN,NaN,NaN,NaN,NaN,NaN,NaN,NaN
NaN,NaN,NaN,NaN,NaN,NaN,NaN,NaN,NaN,NaN,NaN,NaN,NaN,NaN,NaN,NaN,NaN,NaN,NaN,NaN,NaN,NaN,NaN,NaN,NaN,NaN,NaN,NaN,NaN,NaN,NaN,NaN,NaN,NaN,NaN,NaN,NaN,NaN,NaN,NaN,NaN,NaN,NaN,NaN,NaN,NaN,NaN,NaN,NaN,NaN,NaN,NaN,NaN,NaN,NaN,NaN,NaN,NaN,NaN,NaN,NaN,NaN,NaN,NaN,NaN,NaN,NaN,NaN,NaN,NaN,NaN,NaN,NaN,NaN,NaN,NaN,NaN,NaN,NaN,NaN,NaN,NaN,NaN,NaN,NaN,NaN,NaN,NaN,NaN,NaN,NaN,NaN,NaN,NaN,NaN,NaN
NaN,NaN,NaN,NaN,NaN,NaN,NaN,NaN,NaN,NaN,NaN,NaN,NaN,NaN,NaN,NaN,NaN,NaN,NaN,NaN,NaN,NaN,NaN,NaN,NaN,NaN,NaN,NaN,NaN,NaN,NaN,NaN,NaN,NaN,NaN,NaN,NaN,NaN,NaN,NaN,NaN,NaN,NaN,NaN,NaN,NaN,NaN,NaN,NaN,NaN,NaN,NaN,NaN,NaN,NaN,NaN,NaN,NaN,NaN,NaN,NaN,NaN,NaN,NaN,NaN,NaN,NaN,NaN,NaN,NaN,NaN,NaN,NaN,NaN,NaN,NaN,NaN,NaN,NaN,NaN,NaN,NaN,NaN,NaN,NaN,NaN,NaN,NaN,NaN,NaN,NaN,NaN,NaN,NaN,NaN,NaN
NaN,NaN,NaN,NaN,NaN,NaN,NaN,NaN,NaN,NaN,NaN,NaN,NaN,NaN,NaN,NaN,NaN,NaN,NaN,NaN,NaN,NaN,NaN,NaN,NaN,NaN,NaN,NaN,NaN,NaN,NaN,NaN,NaN,NaN,NaN,NaN,NaN,NaN,NaN,NaN,NaN,NaN,NaN,NaN,NaN,NaN,NaN,NaN,NaN,NaN,NaN,NaN,NaN,NaN,NaN,NaN,NaN,NaN,NaN,NaN,NaN,NaN,NaN,NaN,NaN,NaN,NaN,NaN,NaN,NaN,NaN,NaN,NaN,NaN,NaN,NaN,NaN,NaN,NaN,NaN,NaN,NaN,NaN,NaN,NaN,NaN,NaN,NaN,NaN,NaN,NaN,NaN,NaN,NaN,NaN,NaN
NaN,NaN,NaN,NaN,NaN,NaN,NaN,NaN,NaN,NaN,NaN,NaN,NaN,NaN,NaN,NaN,NaN,NaN,NaN,NaN,NaN,NaN,NaN,NaN,NaN,NaN,NaN,NaN,NaN,NaN,NaN,NaN,NaN,NaN,NaN,NaN,NaN,NaN,NaN,NaN,NaN,NaN,NaN,NaN,NaN,NaN,NaN,NaN,NaN,NaN,NaN,NaN,NaN,NaN,NaN,NaN,NaN,NaN,NaN,NaN,NaN,NaN,NaN,NaN,NaN,NaN,NaN,NaN,NaN,NaN,NaN,NaN,NaN,NaN,NaN,NaN,NaN,NaN,NaN,NaN,NaN,NaN,NaN,NaN,NaN,NaN,NaN,NaN,NaN,NaN,NaN,NaN,NaN,NaN,NaN,NaN
NaN,NaN,NaN,NaN,NaN,NaN,NaN,NaN,NaN,NaN,NaN,NaN,NaN,NaN,NaN,NaN,NaN,NaN,NaN,NaN,NaN,NaN,NaN,NaN,NaN,NaN,NaN,NaN,NaN,NaN,NaN,NaN,NaN,NaN,NaN,NaN,NaN,NaN,NaN,NaN,NaN,NaN,NaN,NaN,14,2,6,4,9,22,23,51,48,36,40,NaN,NaN,NaN,NaN,NaN,NaN,NaN,NaN,NaN,NaN,NaN,NaN,NaN,NaN,NaN,NaN,NaN,NaN,NaN,NaN,NaN,NaN,NaN,NaN,NaN,NaN,NaN,NaN,NaN,NaN,NaN,NaN,NaN,NaN,NaN,NaN,NaN,NaN,NaN,NaN,NaN
NaN,NaN,NaN,NaN,NaN,NaN,NaN,NaN,NaN,NaN,NaN,NaN,NaN,NaN,NaN,NaN,NaN,NaN,NaN,NaN,NaN,NaN,NaN,NaN,NaN,NaN,NaN,NaN,NaN,NaN,NaN,NaN,NaN,NaN,NaN,NaN,NaN,NaN,NaN,4,6,7,23,7,20,7,23,20,31,5,62,116,84,163,93,40,10,15,9,NaN,NaN,NaN,NaN,NaN,NaN,NaN,NaN,NaN,NaN,NaN,NaN,NaN,NaN,NaN,NaN,NaN,NaN,NaN,NaN,NaN,NaN,NaN,NaN,NaN,NaN,NaN,NaN,NaN,NaN,NaN,NaN,NaN,NaN,NaN,NaN,NaN
NaN,NaN,NaN,NaN,NaN,NaN,NaN,NaN,NaN,NaN,NaN,NaN,NaN,NaN,NaN,NaN,NaN,NaN,NaN,NaN,NaN,NaN,NaN,NaN,NaN,NaN,NaN,NaN,NaN,NaN,NaN,NaN,NaN,NaN,NaN,NaN,NaN,8,6,23,37,40,47,39,85,176,229,143,36,24,104,134,246,269,59,39,28,27,8,8,4,4,NaN,NaN,NaN,NaN,NaN,NaN,NaN,NaN,NaN,NaN,NaN,NaN,NaN,NaN,NaN,NaN,NaN,NaN,NaN,NaN,NaN,NaN,NaN,NaN,NaN,NaN,NaN,NaN,NaN,NaN,NaN,NaN,NaN,NaN
NaN,NaN,NaN,NaN,NaN,NaN,NaN,NaN,NaN,NaN,NaN,NaN,NaN,NaN,NaN,NaN,NaN,NaN,NaN,NaN,NaN,NaN,NaN,NaN,NaN,NaN,NaN,NaN,NaN,NaN,NaN,NaN,NaN,NaN,8,6,4,8,38,121,157,133,143,133,192,189,198,165,68,72,98,127,216,233,138,121,145,168,103,44,9,10,7,2,NaN,NaN,NaN,NaN,NaN,NaN,NaN,NaN,NaN,NaN,NaN,NaN,NaN,NaN,NaN,NaN,NaN,NaN,NaN,NaN,NaN,NaN,NaN,NaN,NaN,NaN,NaN,NaN,NaN,NaN,NaN,NaN
NaN,NaN,NaN,NaN,NaN,NaN,NaN,NaN,NaN,NaN,NaN,NaN,NaN,NaN,NaN,NaN,NaN,NaN,NaN,NaN,NaN,NaN,NaN,NaN,NaN,NaN,NaN,NaN,NaN,NaN,NaN,NaN,NaN,16,14,12,53,142,124,85,151,161,146,154,133,121,129,152,156,135,118,118,121,150,145,136,132,172,206,197,176,84,6,10,7,3,NaN,NaN,NaN,NaN,NaN,NaN,NaN,NaN,NaN,NaN,NaN,NaN,NaN,NaN,NaN,NaN,NaN,NaN,NaN,NaN,NaN,NaN,NaN,NaN,NaN,NaN,NaN,NaN,NaN,NaN
NaN,NaN,NaN,NaN,NaN,NaN,NaN,NaN,NaN,NaN,NaN,NaN,NaN,NaN,NaN,NaN,NaN,NaN,NaN,NaN,NaN,NaN,NaN,NaN,NaN,NaN,NaN,NaN,NaN,NaN,NaN,NaN,3,3,25,103,188,194,155,124,135,168,150,131,110,108,121,135,161,143,135,147,167,164,142,128,112,115,135,172,213,253,173,43,8,0,5,NaN,NaN,NaN,NaN,NaN,NaN,NaN,NaN,NaN,NaN,NaN,NaN,NaN,NaN,NaN,NaN,NaN,NaN,NaN,NaN,NaN,NaN,NaN,NaN,NaN,NaN,NaN,NaN,NaN
NaN,NaN,NaN,NaN,NaN,NaN,NaN,NaN,NaN,NaN,NaN,NaN,NaN,NaN,NaN,NaN,NaN,NaN,NaN,NaN,NaN,NaN,NaN,NaN,NaN,NaN,NaN,NaN,NaN,NaN,7,10,4,62,145,186,158,131,115,125,129,150,138,119,97,82,95,115,151,131,107,96,112,146,176,136,109,120,104,102,119,183,244,193,74,9,15,5,NaN,NaN,NaN,NaN,NaN,NaN,NaN,NaN,NaN,NaN,NaN,NaN,NaN,NaN,NaN,NaN,NaN,NaN,NaN,NaN,NaN,NaN,NaN,NaN,NaN,NaN,NaN,NaN
NaN,NaN,NaN,NaN,NaN,NaN,NaN,NaN,NaN,NaN,NaN,NaN,NaN,NaN,NaN,NaN,NaN,NaN,NaN,NaN,NaN,NaN,NaN,NaN,NaN,NaN,NaN,NaN,NaN,6,4,9,82,174,168,138,125,133,129,133,140,144,112,92,93,82,106,137,133,145,137,100,101,88,123,141,136,101,83,91,120,195,204,235,217,135,44,2,12,2,NaN,NaN,NaN,NaN,NaN,NaN,NaN,NaN,NaN,NaN,NaN,NaN,NaN,NaN,NaN,NaN,NaN,NaN,NaN,NaN,NaN,NaN,NaN,NaN,NaN,NaN
NaN,NaN,NaN,NaN,NaN,NaN,NaN,NaN,NaN,NaN,NaN,NaN,NaN,NaN,NaN,NaN,NaN,NaN,NaN,NaN,NaN,NaN,NaN,NaN,NaN,NaN,NaN,NaN,12,12,21,103,169,135,137,142,148,149,151,147,158,144,112,91,66,87,108,132,150,131,121,118,108,107,101,109,93,82,89,100,134,149,158,173,173,171,151,85,15,9,2,NaN,NaN,NaN,NaN,NaN,NaN,NaN,NaN,NaN,NaN,NaN,NaN,NaN,NaN,NaN,NaN,NaN,NaN,NaN,NaN,NaN,NaN,NaN,NaN,NaN
NaN,NaN,NaN,NaN,NaN,NaN,NaN,NaN,NaN,NaN,NaN,NaN,NaN,NaN,NaN,NaN,NaN,NaN,NaN,NaN,NaN,NaN,NaN,NaN,NaN,NaN,NaN,2,3,3,53,130,132,121,117,113,134,139,141,150,163,141,113,65,75,123,141,152,150,138,125,98,88,96,75,69,54,47,74,121,148,138,122,126,131,109,113,134,103,33,10,4,NaN,NaN,NaN,NaN,NaN,NaN,NaN,NaN,NaN,NaN,NaN,NaN,NaN,NaN,NaN,NaN,NaN,NaN,NaN,NaN,NaN,NaN,NaN,NaN
NaN,NaN,NaN,NaN,NaN,NaN,NaN,NaN,NaN,NaN,NaN,NaN,NaN,NaN,NaN,NaN,NaN,NaN,NaN,NaN,NaN,NaN,NaN,NaN,NaN,NaN,4,13,60,119,120,128,169,140,114,105,98,121,126,113,117,99,68,64,105,117,128,141,137,136,115,113,85,85,110,89,64,62,78,128,150,119,113,125,130,107,110,126,142,130,24,20,NaN,NaN,NaN,NaN,NaN,NaN,NaN,NaN,NaN,NaN,NaN,NaN,NaN,NaN,NaN,NaN,NaN,NaN,NaN,NaN,NaN,NaN,NaN,NaN
NaN,NaN,NaN,NaN,NaN,NaN,NaN,NaN,NaN,NaN,NaN,NaN,NaN,NaN,NaN,NaN,NaN,NaN,NaN,NaN,NaN,NaN,NaN,NaN,NaN,16,12,72,140,153,137,144,162,155,134,113,92,92,100,99,77,69,65,76,122,135,144,120,108,161,159,132,104,108,112,80,67,69,90,140,159,131,103,101,91,95,109,135,151,168,99,11,12,NaN,NaN,NaN,NaN,NaN,NaN,NaN,NaN,NaN,NaN,NaN,NaN,NaN,NaN,NaN,NaN,NaN,NaN,NaN,NaN,NaN,NaN,NaN
NaN,NaN,NaN,NaN,NaN,NaN,NaN,NaN,NaN,NaN,NaN,NaN,NaN,NaN,NaN,NaN,NaN,NaN,NaN,NaN,NaN,NaN,NaN,NaN,14,3,73,140,135,113,97,97,116,160,153,153,117,81,98,99,91,75,74,83,128,140,127,108,88,144,155,147,121,133,117,85,78,84,97,124,153,118,109,94,93,116,128,132,158,142,159,88,10,6,NaN,NaN,NaN,NaN,NaN,NaN,NaN,NaN,NaN,NaN,NaN,NaN,NaN,NaN,NaN,NaN,NaN,NaN,NaN,NaN,NaN,NaN
NaN,NaN,NaN,NaN,NaN,NaN,NaN,NaN,NaN,NaN,NaN,NaN,NaN,NaN,NaN,NaN,NaN,NaN,NaN,NaN,NaN,NaN,NaN,7,17,51,128,111,102,116,105,116,110,141,164,138,106,96,88,87,87,86,80,85,110,111,120,136,151,143,149,128,147,118,110,102,76,80,90,133,147,151,103,89,87,110,134,145,121,126,115,128,67,11,2,NaN,NaN,NaN,NaN,NaN,NaN,NaN,NaN,NaN,NaN,NaN,NaN,NaN,NaN,NaN,NaN,NaN,NaN,NaN,NaN,NaN
NaN,NaN,NaN,NaN,NaN,NaN,NaN,NaN,NaN,NaN,NaN,NaN,NaN,NaN,NaN,NaN,NaN,NaN,NaN,NaN,NaN,NaN,9,6,48,128,128,124,122,103,99,88,99,112,134,146,111,95,74,94,88,77,65,72,92,105,131,140,141,91,119,113,98,88,76,77,81,81,57,103,131,155,139,117,94,121,127,98,106,94,115,138,124,40,24,NaN,NaN,NaN,NaN,NaN,NaN,NaN,NaN,NaN,NaN,NaN,NaN,NaN,NaN,NaN,NaN,NaN,NaN,NaN,NaN,NaN
NaN,NaN,NaN,NaN,NaN,NaN,NaN,NaN,NaN,NaN,NaN,NaN,NaN,NaN,NaN,NaN,NaN,NaN,NaN,NaN,NaN,8,16,19,107,162,146,150,130,137,113,100,91,107,115,116,126,98,82,77,84,71,82,92,123,134,141,114,94,110,136,158,131,115,82,75,80,93,78,97,119,140,159,111,96,83,91,97,80,76,112,134,147,99,12,11,NaN,NaN,NaN,NaN,NaN,NaN,NaN,NaN,NaN,NaN,NaN,NaN,NaN,NaN,NaN,NaN,NaN,NaN,NaN,NaN
NaN,NaN,NaN,NaN,NaN,NaN,NaN,NaN,NaN,NaN,NaN,NaN,NaN,NaN,NaN,NaN,NaN,NaN,NaN,NaN,NaN,16,2,22,118,145,130,138,120,117,99,106,89,82,94,118,116,92,81,81,87,87,98,121,144,139,141,144,156,160,154,143,126,95,68,60,75,104,76,66,99,129,137,126,88,75,85,72,65,61,85,119,147,145,62,12,11,NaN,NaN,NaN,NaN,NaN,NaN,NaN,NaN,NaN,NaN,NaN,NaN,NaN,NaN,NaN,NaN,NaN,NaN,NaN
NaN,NaN,NaN,NaN,NaN,NaN,NaN,NaN,NaN,NaN,NaN,NaN,NaN,NaN,NaN,NaN,NaN,NaN,NaN,NaN,10,9,6,93,154,130,124,98,81,90,94,94,101,102,93,93,78,61,56,87,74,89,104,122,162,138,156,134,131,144,136,126,78,60,57,52,65,76,80,81,115,145,122,98,86,85,82,81,56,48,64,91,123,131,81,31,10,5,NaN,NaN,NaN,NaN,NaN,NaN,NaN,NaN,NaN,NaN,NaN,NaN,NaN,NaN,NaN,NaN,NaN,NaN
NaN,NaN,NaN,NaN,NaN,NaN,NaN,NaN,NaN,NaN,NaN,NaN,NaN,NaN,NaN,NaN,NaN,NaN,NaN,NaN,8,4,50,125,113,95,80,74,59,68,77,76,86,96,97,82,88,83,75,84,91,94,105,139,155,138,127,104,121,76,96,126,113,116,86,76,83,88,102,103,89,103,90,72,67,74,71,75,70,67,49,58,84,119,118,46,14,16,NaN,NaN,NaN,NaN,NaN,NaN,NaN,NaN,NaN,NaN,NaN,NaN,NaN,NaN,NaN,NaN,NaN,NaN
NaN,NaN,NaN,NaN,NaN,NaN,NaN,NaN,NaN,NaN,NaN,NaN,NaN,NaN,NaN,NaN,NaN,NaN,NaN,8,1,7,70,139,106,109,117,112,91,71,70,71,73,86,89,86,86,77,87,86,97,81,95,131,146,135,100,107,125,93,70,86,130,129,145,109,67,96,97,97,76,75,63,57,80,77,73,80,92,104,92,79,76,85,112,89,19,18,6,NaN,NaN,NaN,NaN,NaN,NaN,NaN,NaN,NaN,NaN,NaN,NaN,NaN,NaN,NaN,NaN,NaN
NaN,NaN,NaN,NaN,NaN,NaN,NaN,NaN,NaN,NaN,NaN,NaN,NaN,NaN,NaN,NaN,NaN,NaN,20,8,8,9,108,159,125,109,111,153,142,104,75,68,77,79,79,78,88,90,107,96,106,87,106,113,107,87,91,117,124,151,137,145,144,141,130,99,85,90,93,101,92,78,81,84,96,98,104,109,112,127,135,120,102,114,103,117,64,9,7,NaN,NaN,NaN,NaN,NaN,NaN,NaN,NaN,NaN,NaN,NaN,NaN,NaN,NaN,NaN,NaN,NaN
NaN,NaN,NaN,NaN,NaN,NaN,NaN,NaN,NaN,NaN,NaN,NaN,NaN,NaN,NaN,NaN,NaN,NaN,8,9,7,53,105,117,140,127,130,131,121,129,98,74,64,75,84,99,93,94,108,113,115,88,73,67,61,37,69,128,130,140,119,96,104,105,75,66,83,106,105,79,91,93,88,85,74,93,71,92,125,144,157,154,125,123,125,138,112,17,15,9,NaN,NaN,NaN,NaN,NaN,NaN,NaN,NaN,NaN,NaN,NaN,NaN,NaN,NaN,NaN,NaN
NaN,NaN,NaN,NaN,NaN,NaN,NaN,NaN,NaN,NaN,NaN,NaN,NaN,NaN,NaN,NaN,NaN,11,11,18,32,144,140,115,121,127,143,117,124,126,113,83,65,70,84,92,105,109,112,116,100,83,71,78,67,55,62,95,144,155,119,69,49,36,48,85,94,118,113,101,106,100,86,68,78,96,97,97,110,120,138,154,142,126,142,148,135,50,12,0,NaN,NaN,NaN,NaN,NaN,NaN,NaN,NaN,NaN,NaN,NaN,NaN,NaN,NaN,NaN,NaN
NaN,NaN,NaN,NaN,NaN,NaN,NaN,NaN,NaN,NaN,NaN,NaN,NaN,NaN,NaN,NaN,NaN,6,5,9,124,206,128,109,95,101,134,153,143,124,130,125,107,89,73,78,116,114,113,83,92,104,111,109,58,49,107,116,144,134,125,134,78,70,92,106,91,105,102,88,101,93,85,76,80,80,86,87,84,94,107,121,140,148,131,122,134,69,11,13,NaN,NaN,NaN,NaN,NaN,NaN,NaN,NaN,NaN,NaN,NaN,NaN,NaN,NaN,NaN,NaN
NaN,NaN,NaN,NaN,NaN,NaN,NaN,NaN,NaN,NaN,NaN,NaN,NaN,NaN,NaN,NaN,NaN,4,3,89,175,167,155,131,112,94,105,140,139,140,127,116,109,117,105,91,88,111,115,111,95,110,108,93,74,72,130,150,149,84,104,94,57,68,89,117,104,96,84,84,102,96,74,67,71,68,95,110,118,133,136,151,131,117,117,125,129,105,23,18,NaN,NaN,NaN,NaN,NaN,NaN,NaN,NaN,NaN,NaN,NaN,NaN,NaN,NaN,NaN,NaN
NaN,NaN,NaN,NaN,NaN,NaN,NaN,NaN,NaN,NaN,NaN,NaN,NaN,NaN,NaN,NaN,16,11,7,102,152,118,140,141,125,107,112,106,109,132,131,134,150,136,109,119,114,109,100,99,98,92,115,100,73,66,85,104,78,49,68,73,75,104,99,102,107,86,95,80,109,106,82,75,66,79,79,124,127,105,106,105,97,81,91,93,106,81,28,3,NaN,NaN,NaN,NaN,NaN,NaN,NaN,NaN,NaN,NaN,NaN,NaN,NaN,NaN,NaN,NaN
NaN,NaN,NaN,NaN,NaN,NaN,NaN,NaN,NaN,NaN,NaN,NaN,NaN,NaN,NaN,NaN,4,5,37,108,133,124,113,119,101,106,108,119,118,92,112,112,126,113,101,74,83,95,87,104,93,86,96,90,72,75,58,87,72,71,89,82,79,75,84,81,115,100,93,82,85,90,82,65,50,77,90,89,80,79,95,87,97,91,88,119,129,107,39,0,NaN,NaN,NaN,NaN,NaN,NaN,NaN,NaN,NaN,NaN,NaN,NaN,NaN,NaN,NaN,NaN
NaN,NaN,NaN,NaN,NaN,NaN,NaN,NaN,NaN,NaN,NaN,NaN,NaN,NaN,NaN,NaN,12,11,105,207,185,118,128,112,102,105,80,96,118,117,108,112,97,91,85,82,115,129,127,71,80,110,114,79,80,92,84,106,103,80,89,100,108,89,102,145,108,114,100,70,87,86,88,73,63,70,77,84,83,84,105,108,103,96,99,119,72,93,30,16,NaN,NaN,NaN,NaN,NaN,NaN,NaN,NaN,NaN,NaN,NaN,NaN,NaN,NaN,NaN,NaN
NaN,NaN,NaN,NaN,NaN,NaN,NaN,NaN,NaN,NaN,NaN,NaN,NaN,NaN,NaN,14,7,26,130,161,168,155,130,139,122,125,103,97,96,111,103,104,96,83,83,79,113,106,94,78,95,98,108,83,79,90,85,93,101,94,90,109,105,117,107,136,83,59,93,70,95,110,95,83,69,69,76,88,107,100,111,109,90,105,113,133,113,93,24,16,6,NaN,NaN,NaN,NaN,NaN,NaN,NaN,NaN,NaN,NaN,NaN,NaN,NaN,NaN,NaN
NaN,NaN,NaN,NaN,NaN,NaN,NaN,NaN,NaN,NaN,NaN,NaN,NaN,NaN,NaN,9,6,50,126,123,117,116,144,158,143,113,114,107,78,93,71,86,79,72,98,88,107,132,120,75,77,125,140,97,66,63,81,97,88,83,99,96,113,119,127,106,87,49,93,77,112,98,82,55,56,62,70,101,124,109,114,119,116,104,109,124,153,155,76,12,17,NaN,NaN,NaN,NaN,NaN,NaN,NaN,NaN,NaN,NaN,NaN,NaN,NaN,NaN,NaN
NaN,NaN,NaN,NaN,NaN,NaN,NaN,NaN,NaN,NaN,NaN,NaN,NaN,NaN,NaN,3,10,79,119,117,128,136,140,128,144,140,129,123,94,86,76,82,96,96,103,87,72,115,122,89,80,111,48,24,69,68,106,88,87,98,123,141,195,146,187,83,33,78,83,58,81,84,74,68,39,49,61,91,107,107,113,108,120,129,120,133,126,114,72,14,8,NaN,NaN,NaN,NaN,NaN,NaN,NaN,NaN,NaN,NaN,NaN,NaN,NaN,NaN,NaN
NaN,NaN,NaN,NaN,NaN,NaN,NaN,NaN,NaN,NaN,NaN,NaN,NaN,NaN,NaN,6,7,79,113,110,104,119,166,146,147,127,97,90,85,85,70,77,88,92,80,86,114,93,94,79,93,81,145,126,95,119,198,141,122,159,178,206,186,132,107,61,54,102,82,67,88,104,83,69,59,63,65,70,86,110,106,132,105,136,152,126,122,112,94,20,7,NaN,NaN,NaN,NaN,NaN,NaN,NaN,NaN,NaN,NaN,NaN,NaN,NaN,NaN,NaN
NaN,NaN,NaN,NaN,NaN,NaN,NaN,NaN,NaN,NaN,NaN,NaN,NaN,NaN,8,4,17,108,140,117,122,100,122,139,115,91,66,74,76,87,92,76,92,74,93,88,111,113,65,47,85,93,111,146,80,121,200,199,147,173,166,163,149,173,119,51,80,89,75,80,101,87,97,71,52,35,36,44,64,91,113,135,122,121,109,104,94,116,107,47,19,NaN,NaN,NaN,NaN,NaN,NaN,NaN,NaN,NaN,NaN,NaN,NaN,NaN,NaN,NaN
NaN,NaN,NaN,NaN,NaN,NaN,NaN,NaN,NaN,NaN,NaN,NaN,NaN,NaN,10,10,16,110,141,98,119,108,120,98,98,96,82,91,86,81,63,73,81,83,73,88,92,111,60,61,61,66,94,142,84,174,187,192,134,159,169,157,127,146,120,71,77,74,77,82,117,107,64,76,35,48,44,36,67,76,118,111,119,103,66,74,103,110,101,28,24,NaN,NaN,NaN,NaN,NaN,NaN,NaN,NaN,NaN,NaN,NaN,NaN,NaN,NaN,NaN
NaN,NaN,NaN,NaN,NaN,NaN,NaN,NaN,NaN,NaN,NaN,NaN,NaN,NaN,7,15,18,152,187,144,125,110,122,111,108,86,89,86,87,60,67,79,57,95,85,89,104,88,76,80,79,83,99,115,134,166,180,178,132,157,155,151,151,162,104,97,84,51,45,90,90,96,99,70,76,70,65,48,67,86,78,69,56,44,65,86,128,132,110,44,16,7,NaN,NaN,NaN,NaN,NaN,NaN,NaN,NaN,NaN,NaN,NaN,NaN,NaN,NaN
NaN,NaN,NaN,NaN,NaN,NaN,NaN,NaN,NaN,NaN,NaN,NaN,NaN,NaN,2,13,55,134,125,144,169,131,104,103,96,91,99,69,66,71,80,97,61,76,76,101,100,98,105,54,50,48,108,135,139,167,157,153,138,142,168,181,142,141,65,84,73,62,60,100,104,91,77,81,76,65,91,67,54,52,66,62,58,65,97,127,129,134,127,38,27,1,NaN,NaN,NaN,NaN,NaN,NaN,NaN,NaN,NaN,NaN,NaN,NaN,NaN,NaN
NaN,NaN,NaN,NaN,NaN,NaN,NaN,NaN,NaN,NaN,NaN,NaN,NaN,NaN,1,8,93,123,89,79,112,160,132,119,99,101,107,114,110,78,63,63,65,87,86,102,102,102,120,62,49,42,102,122,175,183,164,147,115,108,118,143,107,147,73,70,59,67,53,90,108,120,84,55,64,109,128,138,109,97,79,60,59,68,98,135,138,100,165,80,9,6,NaN,NaN,NaN,NaN,NaN,NaN,NaN,NaN,NaN,NaN,NaN,NaN,NaN,NaN
NaN,NaN,NaN,NaN,NaN,NaN,NaN,NaN,NaN,NaN,NaN,NaN,NaN,NaN,5,17,101,139,107,106,87,106,122,99,86,87,85,81,87,73,76,69,55,62,69,93,94,91,97,94,67,69,94,134,164,161,161,142,145,130,88,154,94,91,42,56,57,91,86,99,93,99,69,75,70,81,124,120,109,80,69,73,81,79,99,118,146,182,157,108,20,15,NaN,NaN,NaN,NaN,NaN,NaN,NaN,NaN,NaN,NaN,NaN,NaN,NaN,NaN
NaN,NaN,NaN,NaN,NaN,NaN,NaN,NaN,NaN,NaN,NaN,NaN,NaN,NaN,16,49,123,125,105,109,90,95,80,69,64,86,113,76,92,91,62,61,60,80,83,102,97,102,126,107,92,78,92,137,152,152,173,175,171,136,142,148,163,153,57,78,82,92,77,101,94,111,86,80,72,96,113,138,118,97,76,99,77,49,70,108,145,154,159,130,65,13,NaN,NaN,NaN,NaN,NaN,NaN,NaN,NaN,NaN,NaN,NaN,NaN,NaN,NaN
NaN,NaN,NaN,NaN,NaN,NaN,NaN,NaN,NaN,NaN,NaN,NaN,NaN,NaN,7,83,150,112,95,98,87,72,89,68,51,72,50,78,80,96,80,62,62,70,97,96,109,98,118,105,94,57,136,170,127,164,160,152,118,113,106,136,159,158,75,52,77,98,86,103,131,90,72,65,84,117,113,107,87,131,108,90,115,94,58,68,70,114,149,147,71,20,15,NaN,NaN,NaN,NaN,NaN,NaN,NaN,NaN,NaN,NaN,NaN,NaN,NaN
NaN,NaN,NaN,NaN,NaN,NaN,NaN,NaN,NaN,NaN,NaN,NaN,NaN,14,17,94,136,99,108,92,107,93,60,65,70,72,85,127,113,114,107,102,61,86,106,101,100,98,115,110,91,61,91,142,145,143,145,134,53,59,108,145,162,150,37,105,93,106,96,104,89,99,76,71,75,81,93,109,128,118,110,141,115,112,71,79,77,97,133,151,103,19,6,NaN,NaN,NaN,NaN,NaN,NaN,NaN,NaN,NaN,NaN,NaN,NaN,NaN
NaN,NaN,NaN,NaN,NaN,NaN,NaN,NaN,NaN,NaN,NaN,NaN,NaN,9,12,99,128,125,145,147,148,105,101,97,107,114,153,174,151,145,122,99,86,105,90,100,103,110,91,115,82,64,114,126,143,79,189,134,77,121,127,125,85,134,37,93,106,127,72,111,97,79,73,60,59,81,98,89,125,85,92,129,107,80,62,66,59,97,104,165,129,7,24,NaN,NaN,NaN,NaN,NaN,NaN,NaN,NaN,NaN,NaN,NaN,NaN,NaN
NaN,NaN,NaN,NaN,NaN,NaN,NaN,NaN,NaN,NaN,NaN,NaN,NaN,21,29,85,123,148,148,121,100,94,112,89,87,87,95,111,114,136,109,81,52,46,92,120,94,99,101,82,58,65,122,164,154,146,184,122,101,130,90,128,102,47,81,80,86,96,104,124,119,95,82,42,87,115,103,132,106,111,95,98,75,96,94,91,81,89,116,156,148,17,24,NaN,NaN,NaN,NaN,NaN,NaN,NaN,NaN,NaN,NaN,NaN,NaN,NaN
NaN,NaN,NaN,NaN,NaN,NaN,NaN,NaN,NaN,NaN,NaN,NaN,NaN,9,6,54,142,160,173,157,127,145,132,103,80,79,82,83,97,124,120,92,71,47,80,95,109,93,98,94,94,125,123,87,103,146,147,135,108,156,153,118,78,61,79,67,79,93,87,95,75,102,84,84,104,92,58,76,133,85,86,65,85,78,88,96,87,103,114,130,133,53,10,NaN,NaN,NaN,NaN,NaN,NaN,NaN,NaN,NaN,NaN,NaN,NaN,NaN
NaN,NaN,NaN,NaN,NaN,NaN,NaN,NaN,NaN,NaN,NaN,NaN,NaN,9,10,45,128,162,172,147,147,136,103,89,64,85,95,92,115,110,117,118,89,55,82,102,117,105,91,63,62,127,110,70,123,161,150,118,71,131,120,137,102,102,82,109,81,63,110,100,88,66,64,56,75,94,131,98,111,90,60,75,110,99,98,109,108,114,125,126,104,60,11,2,NaN,NaN,NaN,NaN,NaN,NaN,NaN,NaN,NaN,NaN,NaN,NaN
NaN,NaN,NaN,NaN,NaN,NaN,NaN,NaN,NaN,NaN,NaN,NaN,NaN,8,13,69,158,148,120,117,106,97,113,101,116,127,115,120,99,109,106,92,92,71,68,77,93,68,84,77,70,117,84,84,132,163,131,77,51,104,104,122,106,70,79,77,103,108,100,114,90,87,102,81,99,88,97,124,102,79,86,94,127,129,131,139,138,112,93,58,11,14,1,4,NaN,NaN,NaN,NaN,NaN,NaN,NaN,NaN,NaN,NaN,NaN,NaN
NaN,NaN,NaN,NaN,NaN,NaN,NaN,NaN,NaN,NaN,NaN,NaN,NaN,1,8,81,165,168,126,108,93,113,160,144,143,136,98,136,142,134,126,110,118,87,98,81,81,74,78,64,85,126,96,131,153,155,132,74,42,123,155,125,117,93,85,91,62,86,102,114,91,64,65,66,92,107,80,35,82,101,91,105,99,98,93,92,102,104,112,82,76,78,25,5,NaN,NaN,NaN,NaN,NaN,NaN,NaN,NaN,NaN,NaN,NaN,NaN
NaN,NaN,NaN,NaN,NaN,NaN,NaN,NaN,NaN,NaN,NaN,NaN,NaN,7,36,107,158,149,146,141,115,100,112,118,117,101,86,76,75,99,128,134,82,102,84,91,75,57,74,66,101,85,68,142,168,167,81,55,49,89,195,188,94,77,79,68,120,118,130,94,84,84,56,67,88,117,121,90,77,66,36,113,121,120,100,103,100,77,107,110,139,80,13,7,NaN,NaN,NaN,NaN,NaN,NaN,NaN,NaN,NaN,NaN,NaN,NaN
NaN,NaN,NaN,NaN,NaN,NaN,NaN,NaN,NaN,NaN,NaN,NaN,NaN,7,57,119,123,137,119,134,138,115,111,109,111,117,120,81,66,76,124,122,110,102,67,81,81,72,43,73,81,40,85,138,152,116,62,45,61,71,121,90,119,103,88,87,114,114,125,91,58,87,60,79,112,103,104,65,68,83,33,72,69,108,108,117,106,107,105,122,66,94,27,12,NaN,NaN,NaN,NaN,NaN,NaN,NaN,NaN,NaN,NaN,NaN,NaN
NaN,NaN,NaN,NaN,NaN,NaN,NaN,NaN,NaN,NaN,NaN,NaN,NaN,17,77,120,113,127,129,131,138,126,153,159,131,119,101,108,121,121,107,107,87,65,81,64,63,59,61,59,63,71,122,127,142,88,81,93,104,106,126,95,61,131,95,94,68,83,73,101,94,84,81,94,95,92,78,71,97,103,87,62,51,26,55,124,141,125,90,52,113,146,57,10,9,NaN,NaN,NaN,NaN,NaN,NaN,NaN,NaN,NaN,NaN,NaN
NaN,NaN,NaN,NaN,NaN,NaN,NaN,NaN,NaN,NaN,NaN,NaN,NaN,12,66,155,139,127,98,109,144,138,142,134,131,113,113,122,125,99,91,109,79,88,74,27,75,40,35,116,50,124,167,176,97,49,80,71,103,123,117,103,71,131,130,111,100,112,100,71,77,74,78,86,76,88,67,79,66,71,72,68,66,65,96,136,114,66,47,94,133,129,85,7,12,NaN,NaN,NaN,NaN,NaN,NaN,NaN,NaN,NaN,NaN,NaN
NaN,NaN,NaN,NaN,NaN,NaN,NaN,NaN,NaN,NaN,NaN,NaN,NaN,13,54,148,177,157,112,104,105,120,115,77,114,128,140,122,119,123,109,88,94,78,53,33,61,80,108,66,69,107,152,107,60,43,89,68,90,108,85,145,111,118,113,52,101,121,120,71,68,93,71,72,88,93,65,53,68,88,126,117,109,124,125,118,112,101,123,142,131,139,91,14,14,NaN,NaN,NaN,NaN,NaN,NaN,NaN,NaN,NaN,NaN,NaN
NaN,NaN,NaN,NaN,NaN,NaN,NaN,NaN,NaN,NaN,NaN,NaN,NaN,14,42,129,159,176,158,131,101,86,114,122,130,120,137,150,128,129,111,92,57,46,71,37,107,142,30,177,142,86,71,64,61,90,82,69,71,99,63,67,101,65,113,112,97,80,97,102,78,76,62,93,92,60,56,88,108,109,107,115,124,96,96,102,95,83,72,75,114,134,68,23,6,NaN,NaN,NaN,NaN,NaN,NaN,NaN,NaN,NaN,NaN,NaN
NaN,NaN,NaN,NaN,NaN,NaN,NaN,NaN,NaN,NaN,NaN,NaN,NaN,10,32,134,154,155,161,142,135,107,103,90,94,110,104,113,111,97,96,99,85,79,35,75,141,44,144,139,44,59,39,26,42,58,68,73,97,66,77,87,76,74,81,156,137,134,110,116,120,58,62,70,78,82,86,92,115,99,98,90,81,83,80,81,92,72,86,117,132,115,39,25,8,NaN,NaN,NaN,NaN,NaN,NaN,NaN,NaN,NaN,NaN,NaN
NaN,NaN,NaN,NaN,NaN,NaN,NaN,NaN,NaN,NaN,NaN,NaN,NaN,16,23,135,169,139,130,116,112,96,91,73,81,101,98,84,93,80,105,121,96,33,88,135,52,133,107,139,63,21,66,23,69,46,87,72,115,87,102,85,74,102,113,70,156,143,114,143,115,67,60,70,51,81,80,96,106,98,82,92,80,72,77,96,73,95,122,134,156,139,59,2,6,NaN,NaN,NaN,NaN,NaN,NaN,NaN,NaN,NaN,NaN,NaN
NaN,NaN,NaN,NaN,NaN,NaN,NaN,NaN,NaN,NaN,NaN,NaN,NaN,2,14,90,133,126,99,73,78,95,96,106,100,80,64,73,91,105,110,91,63,44,85,93,124,108,154,146,87,69,70,77,39,57,52,53,73,91,94,88,71,71,113,110,133,69,115,104,110,133,83,66,75,96,97,74,77,88,69,74,83,68,96,117,127,146,142,175,168,182,73,13,9,NaN,NaN,NaN,NaN,NaN,NaN,NaN,NaN,NaN,NaN,NaN
NaN,NaN,NaN,NaN,NaN,NaN,NaN,NaN,NaN,NaN,NaN,NaN,NaN,NaN,7,98,149,121,106,83,96,123,136,128,136,121,103,77,83,97,91,86,59,57,91,166,188,132,112,89,32,55,66,47,42,64,76,75,79,82,91,62,97,72,84,66,137,151,160,165,80,156,81,71,59,62,82,86,59,50,56,66,87,107,119,132,129,132,136,133,136,98,21,18,NaN,NaN,NaN,NaN,NaN,NaN,NaN,NaN,NaN,NaN,NaN,NaN
NaN,NaN,NaN,NaN,NaN,NaN,NaN,NaN,NaN,NaN,NaN,NaN,NaN,NaN,29,111,127,101,81,99,124,125,122,104,128,135,114,85,93,98,69,70,73,96,156,169,98,80,45,61,80,43,38,60,92,96,66,34,36,76,103,133,98,77,95,85,61,68,139,157,179,110,85,95,70,54,75,78,94,81,78,105,102,110,103,112,95,92,90,104,139,142,43,8,NaN,NaN,NaN,NaN,NaN,NaN,NaN,NaN,NaN,NaN,NaN,NaN
NaN,NaN,NaN,NaN,NaN,NaN,NaN,NaN,NaN,NaN,NaN,NaN,NaN,NaN,38,104,114,94,103,111,114,117,118,115,97,104,106,81,86,92,97,82,86,89,122,117,76,92,81,71,56,67,68,38,71,85,67,52,56,95,51,86,106,99,97,98,77,105,170,161,134,32,71,65,43,63,65,88,93,91,71,77,91,73,97,74,83,79,92,104,139,124,24,13,NaN,NaN,NaN,NaN,NaN,NaN,NaN,NaN,NaN,NaN,NaN,NaN
NaN,NaN,NaN,NaN,NaN,NaN,NaN,NaN,NaN,NaN,NaN,NaN,NaN,NaN,35,104,123,110,100,94,102,105,103,120,106,110,96,109,107,103,91,57,64,81,126,95,66,42,62,55,59,94,66,36,59,74,74,62,53,63,52,69,92,85,89,101,62,78,80,154,148,82,63,76,48,51,84,92,85,65,72,71,69,67,77,83,105,106,119,114,145,105,16,6,NaN,NaN,NaN,NaN,NaN,NaN,NaN,NaN,NaN,NaN,NaN,NaN
NaN,NaN,NaN,NaN,NaN,NaN,NaN,NaN,NaN,NaN,NaN,NaN,NaN,NaN,17,94,124,111,100,89,122,124,128,119,123,113,114,136,113,104,84,83,89,107,91,57,74,65,50,55,71,75,80,79,88,109,80,41,50,98,94,90,68,92,111,102,60,69,83,102,97,153,129,61,66,48,72,75,82,84,87,77,76,73,91,106,136,124,113,107,145,83,8,NaN,NaN,NaN,NaN,NaN,NaN,NaN,NaN,NaN,NaN,NaN,NaN,NaN
NaN,NaN,NaN,NaN,NaN,NaN,NaN,NaN,NaN,NaN,NaN,NaN,NaN,NaN,NaN,46,139,136,115,146,143,136,132,122,131,129,125,102,93,90,106,98,65,107,90,48,65,75,58,90,96,96,85,72,78,67,93,65,81,132,81,67,97,67,66,93,77,84,113,86,108,157,153,84,54,63,86,94,81,98,87,75,74,77,90,104,136,145,140,128,138,67,6,NaN,NaN,NaN,NaN,NaN,NaN,NaN,NaN,NaN,NaN,NaN,NaN,NaN
NaN,NaN,NaN,NaN,NaN,NaN,NaN,NaN,NaN,NaN,NaN,NaN,NaN,NaN,NaN,18,76,180,173,133,128,155,149,150,141,123,105,103,110,120,91,66,61,72,76,55,44,74,101,91,102,119,104,47,66,73,110,92,82,122,88,86,78,69,49,83,103,93,95,117,141,162,128,79,62,71,65,84,88,120,112,77,86,85,101,96,119,136,148,136,113,38,8,NaN,NaN,NaN,NaN,NaN,NaN,NaN,NaN,NaN,NaN,NaN,NaN,NaN
NaN,NaN,NaN,NaN,NaN,NaN,NaN,NaN,NaN,NaN,NaN,NaN,NaN,NaN,NaN,8,23,165,223,146,140,131,144,140,118,127,121,136,112,96,77,80,69,98,95,64,73,98,115,107,120,89,121,92,54,42,70,85,98,102,86,99,81,69,76,68,88,110,72,92,89,125,122,71,62,93,85,88,90,100,134,112,100,121,104,123,134,150,171,172,85,6,7,NaN,NaN,NaN,NaN,NaN,NaN,NaN,NaN,NaN,NaN,NaN,NaN,NaN
NaN,NaN,NaN,NaN,NaN,NaN,NaN,NaN,NaN,NaN,NaN,NaN,NaN,NaN,NaN,8,8,83,145,146,129,127,130,126,122,106,127,142,134,121,92,88,91,105,109,74,68,83,97,91,97,112,98,83,67,89,80,76,93,108,67,107,115,79,69,57,99,131,108,69,75,89,90,63,72,70,72,79,77,76,103,118,137,153,143,145,134,125,145,139,57,4,NaN,NaN,NaN,NaN,NaN,NaN,NaN,NaN,NaN,NaN,NaN,NaN,NaN,NaN
NaN,NaN,NaN,NaN,NaN,NaN,NaN,NaN,NaN,NaN,NaN,NaN,NaN,NaN,NaN,NaN,7,53,115,117,127,133,124,146,142,136,141,135,139,146,121,99,68,87,92,63,58,95,126,91,79,61,75,91,110,106,95,83,89,95,89,124,79,81,87,111,125,101,106,63,55,81,97,75,63,65,78,92,90,93,78,90,114,118,123,122,107,129,144,94,20,13,NaN,NaN,NaN,NaN,NaN,NaN,NaN,NaN,NaN,NaN,NaN,NaN,NaN,NaN
NaN,NaN,NaN,NaN,NaN,NaN,NaN,NaN,NaN,NaN,NaN,NaN,NaN,NaN,NaN,NaN,21,32,123,158,157,126,126,138,127,160,151,145,124,94,102,88,74,98,102,99,80,90,78,78,57,72,81,71,113,91,115,83,85,120,114,101,107,126,130,135,117,120,94,68,69,93,91,88,71,76,77,85,86,84,94,101,102,133,137,108,116,155,131,32,18,2,NaN,NaN,NaN,NaN,NaN,NaN,NaN,NaN,NaN,NaN,NaN,NaN,NaN,NaN
NaN,NaN,NaN,NaN,NaN,NaN,NaN,NaN,NaN,NaN,NaN,NaN,NaN,NaN,NaN,NaN,13,24,118,167,146,123,126,133,133,120,123,112,92,90,60,86,86,97,123,105,84,89,87,70,73,64,70,51,84,76,57,68,82,106,100,98,75,92,131,135,130,127,82,63,64,82,93,67,66,65,88,120,126,110,90,92,88,98,91,107,118,138,94,0,19,NaN,NaN,NaN,NaN,NaN,NaN,NaN,NaN,NaN,NaN,NaN,NaN,NaN,NaN,NaN
NaN,NaN,NaN,NaN,NaN,NaN,NaN,NaN,NaN,NaN,NaN,NaN,NaN,NaN,NaN,NaN,7,16,68,131,110,102,69,71,91,86,91,78,81,83,76,87,105,107,122,148,111,103,105,89,68,67,88,76,70,73,77,81,85,119,109,69,85,72,82,101,109,108,83,80,76,111,99,59,56,50,90,118,119,121,136,131,124,119,95,127,117,141,76,11,12,NaN,NaN,NaN,NaN,NaN,NaN,NaN,NaN,NaN,NaN,NaN,NaN,NaN,NaN,NaN
NaN,NaN,NaN,NaN,NaN,NaN,NaN,NaN,NaN,NaN,NaN,NaN,NaN,NaN,NaN,NaN,NaN,7,36,102,109,87,99,102,84,71,55,70,95,97,93,90,99,121,116,125,123,75,84,86,84,72,89,114,112,70,62,73,82,89,112,87,92,96,93,91,105,118,85,79,91,102,71,86,67,66,97,98,84,100,105,120,142,147,156,156,151,113,34,8,2,NaN,NaN,NaN,NaN,NaN,NaN,NaN,NaN,NaN,NaN,NaN,NaN,NaN,NaN,NaN
NaN,NaN,NaN,NaN,NaN,NaN,NaN,NaN,NaN,NaN,NaN,NaN,NaN,NaN,NaN,NaN,NaN,NaN,15,65,126,138,137,125,126,112,67,64,72,105,102,107,94,104,111,123,118,112,102,70,104,96,109,116,102,79,70,59,105,98,110,111,111,112,106,101,77,78,96,95,110,97,69,71,68,91,109,110,93,90,101,103,105,114,144,136,154,80,0,7,NaN,NaN,NaN,NaN,NaN,NaN,NaN,NaN,NaN,NaN,NaN,NaN,NaN,NaN,NaN,NaN
NaN,NaN,NaN,NaN,NaN,NaN,NaN,NaN,NaN,NaN,NaN,NaN,NaN,NaN,NaN,NaN,NaN,NaN,8,17,87,112,103,110,102,93,72,54,75,97,101,96,96,106,112,136,135,117,84,104,114,145,121,84,83,62,83,97,112,107,84,78,75,102,122,130,125,109,97,96,118,101,89,71,66,84,108,121,126,116,96,106,98,108,118,143,94,19,10,6,NaN,NaN,NaN,NaN,NaN,NaN,NaN,NaN,NaN,NaN,NaN,NaN,NaN,NaN,NaN,NaN
NaN,NaN,NaN,NaN,NaN,NaN,NaN,NaN,NaN,NaN,NaN,NaN,NaN,NaN,NaN,NaN,NaN,NaN,NaN,12,47,104,109,101,83,93,92,81,90,86,93,90,100,104,104,113,124,137,110,90,78,94,101,103,93,61,69,77,131,93,71,90,63,89,83,107,108,101,105,121,111,80,91,97,88,80,82,100,106,136,124,105,119,133,153,103,18,8,14,NaN,NaN,NaN,NaN,NaN,NaN,NaN,NaN,NaN,NaN,NaN,NaN,NaN,NaN,NaN,NaN,NaN
NaN,NaN,NaN,NaN,NaN,NaN,NaN,NaN,NaN,NaN,NaN,NaN,NaN,NaN,NaN,NaN,NaN,NaN,NaN,NaN,15,29,99,126,119,90,70,81,98,71,65,71,82,105,104,128,110,116,118,88,89,104,85,108,92,73,69,84,116,93,123,146,158,112,86,91,97,101,126,111,71,77,96,103,96,85,85,100,99,113,143,159,174,146,67,12,11,4,NaN,NaN,NaN,NaN,NaN,NaN,NaN,NaN,NaN,NaN,NaN,NaN,NaN,NaN,NaN,NaN,NaN,NaN
NaN,NaN,NaN,NaN,NaN,NaN,NaN,NaN,NaN,NaN,NaN,NaN,NaN,NaN,NaN,NaN,NaN,NaN,NaN,NaN,NaN,11,27,94,151,108,83,77,79,70,77,70,80,70,88,118,132,123,119,104,91,102,102,94,82,99,72,100,94,107,114,109,109,123,98,80,113,112,139,88,89,83,96,95,89,83,88,97,105,102,121,132,146,68,3,6,3,NaN,NaN,NaN,NaN,NaN,NaN,NaN,NaN,NaN,NaN,NaN,NaN,NaN,NaN,NaN,NaN,NaN,NaN,NaN
NaN,NaN,NaN,NaN,NaN,NaN,NaN,NaN,NaN,NaN,NaN,NaN,NaN,NaN,NaN,NaN,NaN,NaN,NaN,NaN,NaN,NaN,18,32,120,114,89,81,93,88,75,83,92,113,104,103,101,109,124,129,110,84,82,80,83,100,111,130,98,86,84,93,94,100,103,84,100,110,113,84,86,93,104,102,82,84,91,99,100,104,117,122,113,28,15,3,4,NaN,NaN,NaN,NaN,NaN,NaN,NaN,NaN,NaN,NaN,NaN,NaN,NaN,NaN,NaN,NaN,NaN,NaN,NaN
NaN,NaN,NaN,NaN,NaN,NaN,NaN,NaN,NaN,NaN,NaN,NaN,NaN,NaN,NaN,NaN,NaN,NaN,NaN,NaN,NaN,NaN,0,10,52,120,114,92,83,87,103,95,129,126,136,115,90,122,109,125,116,91,88,78,85,76,79,65,62,98,120,123,98,102,95,103,118,136,104,85,72,86,88,84,91,91,85,88,90,96,96,120,86,8,10,8,NaN,NaN,NaN,NaN,NaN,NaN,NaN,NaN,NaN,NaN,NaN,NaN,NaN,NaN,NaN,NaN,NaN,NaN,NaN,NaN
NaN,NaN,NaN,NaN,NaN,NaN,NaN,NaN,NaN,NaN,NaN,NaN,NaN,NaN,NaN,NaN,NaN,NaN,NaN,NaN,NaN,NaN,NaN,8,6,40,104,117,114,125,122,138,125,130,128,111,81,81,90,106,112,100,92,103,104,98,79,70,103,117,128,101,96,96,106,120,131,111,91,77,76,82,81,90,81,96,96,79,86,99,104,109,32,16,2,NaN,NaN,NaN,NaN,NaN,NaN,NaN,NaN,NaN,NaN,NaN,NaN,NaN,NaN,NaN,NaN,NaN,NaN,NaN,NaN,NaN
NaN,NaN,NaN,NaN,NaN,NaN,NaN,NaN,NaN,NaN,NaN,NaN,NaN,NaN,NaN,NaN,NaN,NaN,NaN,NaN,NaN,NaN,NaN,NaN,11,14,19,77,117,138,137,134,126,141,120,96,99,95,91,105,123,96,88,104,106,91,70,76,91,82,96,106,98,97,93,107,108,86,87,74,67,65,72,86,94,95,88,100,105,123,111,35,12,7,NaN,NaN,NaN,NaN,NaN,NaN,NaN,NaN,NaN,NaN,NaN,NaN,NaN,NaN,NaN,NaN,NaN,NaN,NaN,NaN,NaN,NaN
NaN,NaN,NaN,NaN,NaN,NaN,NaN,NaN,NaN,NaN,NaN,NaN,NaN,NaN,NaN,NaN,NaN,NaN,NaN,NaN,NaN,NaN,NaN,NaN,NaN,11,5,10,55,137,119,97,98,97,98,92,96,89,95,102,101,121,98,93,117,102,90,88,92,89,111,90,94,75,86,104,102,96,77,63,54,57,77,101,96,101,97,91,110,107,36,5,10,10,NaN,NaN,NaN,NaN,NaN,NaN,NaN,NaN,NaN,NaN,NaN,NaN,NaN,NaN,NaN,NaN,NaN,NaN,NaN,NaN,NaN,NaN
NaN,NaN,NaN,NaN,NaN,NaN,NaN,NaN,NaN,NaN,NaN,NaN,NaN,NaN,NaN,NaN,NaN,NaN,NaN,NaN,NaN,NaN,NaN,NaN,NaN,NaN,9,11,22,113,113,96,95,86,91,87,90,101,93,94,105,125,122,111,98,84,89,91,96,114,115,104,118,107,89,94,107,85,79,72,83,99,110,105,114,111,106,115,96,42,2,5,8,NaN,NaN,NaN,NaN,NaN,NaN,NaN,NaN,NaN,NaN,NaN,NaN,NaN,NaN,NaN,NaN,NaN,NaN,NaN,NaN,NaN,NaN,NaN
NaN,NaN,NaN,NaN,NaN,NaN,NaN,NaN,NaN,NaN,NaN,NaN,NaN,NaN,NaN,NaN,NaN,NaN,NaN,NaN,NaN,NaN,NaN,NaN,NaN,NaN,NaN,9,13,82,114,100,97,87,108,107,101,89,80,89,99,128,128,123,115,89,91,88,104,101,97,93,101,117,114,111,107,106,106,95,100,117,119,122,135,131,132,93,25,6,8,1,NaN,NaN,NaN,NaN,NaN,NaN,NaN,NaN,NaN,NaN,NaN,NaN,NaN,NaN,NaN,NaN,NaN,NaN,NaN,NaN,NaN,NaN,NaN,NaN
NaN,NaN,NaN,NaN,NaN,NaN,NaN,NaN,NaN,NaN,NaN,NaN,NaN,NaN,NaN,NaN,NaN,NaN,NaN,NaN,NaN,NaN,NaN,NaN,NaN,NaN,NaN,14,21,29,96,87,79,85,97,102,100,92,92,104,93,107,109,124,120,79,85,81,115,104,95,121,115,111,99,109,133,119,104,100,106,119,126,142,157,161,76,15,10,5,NaN,NaN,NaN,NaN,NaN,NaN,NaN,NaN,NaN,NaN,NaN,NaN,NaN,NaN,NaN,NaN,NaN,NaN,NaN,NaN,NaN,NaN,NaN,NaN,NaN,NaN
NaN,NaN,NaN,NaN,NaN,NaN,NaN,NaN,NaN,NaN,NaN,NaN,NaN,NaN,NaN,NaN,NaN,NaN,NaN,NaN,NaN,NaN,NaN,NaN,NaN,NaN,NaN,NaN,12,22,94,116,108,96,94,128,121,104,81,97,101,102,119,116,85,77,58,79,99,97,114,97,107,99,89,93,108,112,107,96,95,114,114,124,131,59,2,11,1,NaN,NaN,NaN,NaN,NaN,NaN,NaN,NaN,NaN,NaN,NaN,NaN,NaN,NaN,NaN,NaN,NaN,NaN,NaN,NaN,NaN,NaN,NaN,NaN,NaN,NaN,NaN
NaN,NaN,NaN,NaN,NaN,NaN,NaN,NaN,NaN,NaN,NaN,NaN,NaN,NaN,NaN,NaN,NaN,NaN,NaN,NaN,NaN,NaN,NaN,NaN,NaN,NaN,NaN,NaN,8,15,61,96,98,81,93,111,128,122,110,96,102,102,106,106,114,86,19,51,84,112,95,95,111,94,103,85,83,78,70,88,98,109,100,116,56,7,8,5,NaN,NaN,NaN,NaN,NaN,NaN,NaN,NaN,NaN,NaN,NaN,NaN,NaN,NaN,NaN,NaN,NaN,NaN,NaN,NaN,NaN,NaN,NaN,NaN,NaN,NaN,NaN,NaN
NaN,NaN,NaN,NaN,NaN,NaN,NaN,NaN,NaN,NaN,NaN,NaN,NaN,NaN,NaN,NaN,NaN,NaN,NaN,NaN,NaN,NaN,NaN,NaN,NaN,NaN,NaN,NaN,6,4,10,41,72,79,93,115,125,112,97,102,108,115,107,86,99,40,7,83,107,87,101,80,82,102,87,66,84,85,88,95,79,107,108,69,9,7,9,NaN,NaN,NaN,NaN,NaN,NaN,NaN,NaN,NaN,NaN,NaN,NaN,NaN,NaN,NaN,NaN,NaN,NaN,NaN,NaN,NaN,NaN,NaN,NaN,NaN,NaN,NaN,NaN,NaN
NaN,NaN,NaN,NaN,NaN,NaN,NaN,NaN,NaN,NaN,NaN,NaN,NaN,NaN,NaN,NaN,NaN,NaN,NaN,NaN,NaN,NaN,NaN,NaN,NaN,NaN,NaN,NaN,NaN,NaN,7,5,7,24,45,95,135,139,115,98,100,94,118,116,39,10,9,66,97,71,80,105,117,114,95,77,87,93,109,124,103,85,53,13,2,3,NaN,NaN,NaN,NaN,NaN,NaN,NaN,NaN,NaN,NaN,NaN,NaN,NaN,NaN,NaN,NaN,NaN,NaN,NaN,NaN,NaN,NaN,NaN,NaN,NaN,NaN,NaN,NaN,NaN,NaN
NaN,NaN,NaN,NaN,NaN,NaN,NaN,NaN,NaN,NaN,NaN,NaN,NaN,NaN,NaN,NaN,NaN,NaN,NaN,NaN,NaN,NaN,NaN,NaN,NaN,NaN,NaN,NaN,NaN,NaN,NaN,NaN,9,4,8,5,34,89,113,107,118,115,114,77,16,9,13,8,40,97,118,117,100,95,100,77,91,102,118,109,62,24,0,6,NaN,NaN,NaN,NaN,NaN,NaN,NaN,NaN,NaN,NaN,NaN,NaN,NaN,NaN,NaN,NaN,NaN,NaN,NaN,NaN,NaN,NaN,NaN,NaN,NaN,NaN,NaN,NaN,NaN,NaN,NaN,NaN
NaN,NaN,NaN,NaN,NaN,NaN,NaN,NaN,NaN,NaN,NaN,NaN,NaN,NaN,NaN,NaN,NaN,NaN,NaN,NaN,NaN,NaN,NaN,NaN,NaN,NaN,NaN,NaN,NaN,NaN,NaN,NaN,NaN,NaN,12,5,5,12,12,26,51,43,15,5,11,0,8,10,17,44,94,99,108,103,108,103,115,91,40,11,6,2,NaN,NaN,NaN,NaN,NaN,NaN,NaN,NaN,NaN,NaN,NaN,NaN,NaN,NaN,NaN,NaN,NaN,NaN,NaN,NaN,NaN,NaN,NaN,NaN,NaN,NaN,NaN,NaN,NaN,NaN,NaN,NaN,NaN,NaN
NaN,NaN,NaN,NaN,NaN,NaN,NaN,NaN,NaN,NaN,NaN,NaN,NaN,NaN,NaN,NaN,NaN,NaN,NaN,NaN,NaN,NaN,NaN,NaN,NaN,NaN,NaN,NaN,NaN,NaN,NaN,NaN,NaN,NaN,NaN,NaN,NaN,NaN,1,7,2,3,12,8,2,11,10,6,12,14,15,65,94,95,92,77,37,16,0,5,NaN,NaN,NaN,NaN,NaN,NaN,NaN,NaN,NaN,NaN,NaN,NaN,NaN,NaN,NaN,NaN,NaN,NaN,NaN,NaN,NaN,NaN,NaN,NaN,NaN,NaN,NaN,NaN,NaN,NaN,NaN,NaN,NaN,NaN,NaN,NaN
NaN,NaN,NaN,NaN,NaN,NaN,NaN,NaN,NaN,NaN,NaN,NaN,NaN,NaN,NaN,NaN,NaN,NaN,NaN,NaN,NaN,NaN,NaN,NaN,NaN,NaN,NaN,NaN,NaN,NaN,NaN,NaN,NaN,NaN,NaN,NaN,NaN,NaN,NaN,NaN,NaN,NaN,NaN,NaN,NaN,NaN,NaN,NaN,NaN,NaN,NaN,NaN,NaN,NaN,NaN,NaN,5,2,NaN,NaN,NaN,NaN,NaN,NaN,NaN,NaN,NaN,NaN,NaN,NaN,NaN,NaN,NaN,NaN,NaN,NaN,NaN,NaN,NaN,NaN,NaN,NaN,NaN,NaN,NaN,NaN,NaN,NaN,NaN,NaN,NaN,NaN,NaN,NaN,NaN,NaN
